{
	"bmi-installation" : null,
	"compiler-frontend-variant" : "MSVC",
	"compiler-id" : "MSVC",
	"compiler-simulate-id" : "",
	"config" : "Debug",
	"cxx-modules" : {},
	"database-info" : null,
	"dir-cur-bld" : "C:/Users/alexsaharchuk/source/repos/Lab2/MatrixMultWindows/cmake-build-debug",
	"dir-cur-src" : "C:/Users/alexsaharchuk/source/repos/Lab2/MatrixMultWindows",
	"dir-top-bld" : "C:/Users/alexsaharchuk/source/repos/Lab2/MatrixMultWindows/cmake-build-debug",
	"dir-top-src" : "C:/Users/alexsaharchuk/source/repos/Lab2/MatrixMultWindows",
	"exports" : [],
	"forward-modules-from-target-dirs" : [],
	"include-dirs" : [],
	"language" : "CXX",
	"linked-target-dirs" : [],
	"module-dir" : "C:/Users/alexsaharchuk/source/repos/Lab2/MatrixMultWindows/cmake-build-debug/CMakeFiles/MatrixMultWindows.dir",
	"sources" : 
	{
		"CMakeFiles/MatrixMultWindows.dir/main.cpp.obj" : 
		{
			"language" : "CXX",
			"source" : "C:/Users/alexsaharchuk/source/repos/Lab2/MatrixMultWindows/main.cpp"
		}
	}
}